isbn13	verdict	evidence_url	note
9783110006513	CONFIRMED	-	Pogonophora (DG 1968, 50pp); IA/HT/web empty; only paywalled DG ebook
9780790576398	CONFIRMED	-	1914 Erlangen rectoral address (24pp); no digitization found anywhere
9783111054582	REFUTED	https://babel.hathitrust.org/cgi/pt?id=uiuo.ark:/13960/t2s46xj6c	HT full view (PD): Kategorien des Aristoteles, Heydemann 1834/35 = text behind DG ISBN
9780781206389	REFUTED	https://archive.org/details/lifeofbenjaminfr01fran	1875 Lippincott original (ed. Bigelow) public on IA; RSC ISBN is reprint
9780742643604	REFUTED	https://archive.org/details/dantemysticsstud00gard	Gardner, Dante and the Mystics (Dent 1913) full view on IA; ISBN is reprint
9780723200062	CONFIRMED	-	Linssen, Beetles of the British Isles (Warne 1959); in copyright, no free copy found
9783318056914	CONFIRMED	-	Neurodermitis-Asthma-Rhinitis (Karger 1959); no free digital copy found
9780781271400	REFUTED	https://archive.org/details/shorterpoemsofei00willuoft	1923 Dent anthology public on IA (EPUB downloadable)
9783111148595	CONFIRMED	-	Weihe, Messung von Kapazitaeten (12pp offprint); IA/HT/OL empty, nothing on web
9780132807340	CONFIRMED	-	Levine, Business Statistics 6e (modern text; year 1913 bogus); no free full copy
9780460909754	UNCLEAR	https://archive.org/details/developingcompre0000thom	IA holds matching 1969 scan but restricted (lending/print-disabled only)
9783416003230	CONFIRMED	-	Schmitz, System der Philosophie II/1 Der Leib (Bouvier 1965); nothing free
9781429701686	REFUTED	https://archive.org/details/elementaretheori00thom2	Thomae, Elementare Theorie... (1898 ed.) full view on IA
9783428012688	CONFIRMED	-	Runge, Grenzproduktivitaet (Duncker & Humblot 1963); nothing free
9783570065310	CONFIRMED	-	Nagel, Einfamilienhaeuser/Bungalows (Bertelsmann 1968); nothing free
9780692161913	CONFIRMED	-	Maury the Miserable Vampire (self-pub; year 1918 bogus); no free copy
9780705407908	UNCLEAR	https://archive.org/details/newlivingapaces0000unse	Time-Life New living spaces on IA but restricted; year 1920 bogus
9780618080274	CONFIRMED	-	Coulter Beat Ratio Module (HM custom course; year 1900 bogus); no free copy
9780524080252	CONFIRMED	-	Navrath 1918 Buddhist pamphlet; nothing on IA/HT/Gallica/web
9783662012512	CONFIRMED	-	Springer 1948 power-plant economics; only paywalled Springer ebook
9783111113616	REFUTED	https://archive.org/details/diescholiendesgr0000barh	Pincus 1913 diss. (43pp match) open on IA: PDF/djvu publicly downloadable
9783878707707	CONFIRMED	-	Funktionsraeumliche Arbeitsteilung T.3 (1986; year 1900 bogus); nothing free
9783110989793	CONFIRMED	-	Haupt/Aumann/Pauc Integralrechnung; 20th-c. copyrighted editions; no free copy
9781783190935	CONFIRMED	-	Bhatti, Khandan (Oberon 2014; year 1900 bogus); no free copy
9783428016136	CONFIRMED	-	Wagner, Eigenstaendigkeit i.d. Rechtswiss. (1967); nothing free
9783112349731	UNCLEAR	-	Achte Klasse (1915, no author in data); title too generic to verify
9783111241197	CONFIRMED	-	Han-Hof, Dt. Museum library Autorenkatalog; no digital copy
9780674729995	UNCLEAR	https://archive.org/details/britishinternati0000beac	Beach 1935 on IA but restricted; data language 'ger' wrong (English work)
9783112521038	CONFIRMED	-	20. Juni (DG 1957, chemists volume); no digital copy found
9783525523315	UNCLEAR	https://archive.org/details/spatmittelalter0000moel	Moeller, Spaetmittelalter (V&R 1966) on IA but restricted
9783111232355	REFUTED	https://opacplus.bsb-muenchen.de/Vta2/bsb10017444/bsb:BV021020176	BSB digitalisat of Thudichum 1862 original; DG ISBN is POD reprint of it
9783111288215	CONFIRMED	-	Wolf, Kupfer-/Zinksalze u. Haemoglobinbildung (22pp); nothing found
9780781232890	REFUTED	https://books.google.com/books/about/The_Forest.html?id=6A9CAQAAMAAJ	The Forest (J.V. Huntington, Redfield 1852) free at Google Books/Play
9783111106755	CONFIRMED	-	Below, Kulturgeschichte; no matching free scan identified (title generic)
9783111034966	REFUTED	http://elib.shpl.ru/ru/nodes/63222-shahmatov-a-a-ocherk-sovremennogo-russkogo-literaturnogo-yazyka-posobie-dlya-vysshih-pedagogicheskih-uchebnyh-zavedeniy-m-1936	Shakhmatov Ocherk digitized at GPIB (1913/1936 eds, readable online); DG reprint same work
9783111124353	CONFIRMED	-	Kolski, Bau des Leberlaeppchens (13pp offprint); nothing found
9784924726024	CONFIRMED	-	Kinsei kenchikusho domiya hinagata v.2 (1988; year 1900 bogus); no free copy
9783110984699	REFUTED	https://gallica.bnf.fr/ark:/12148/bpt6k8710503j	Du Bartas Sepmaine (1578) digitized on Gallica; DG 1963 reprints same French text
9783642994883	CONFIRMED	-	Forner, Dampfturbinen (1931); old IA item deleted (404); Springer ebook paywalled
9783428006724	CONFIRMED	-	Huwar, Rechts-/Verwaltungsverordnungen (1967); nothing free
9783111081212	REFUTED	https://archive.org/details/p2grundrissderve01brug	Brugmann Grundriss II (Wortbildungslehre) PD scans on IA; DG ISBN is excerpt reprint
9780781278423	REFUTED	https://archive.org/details/underredwoods0010bret	Works of Bret Harte v.10 (1901) public on IA; data author "Henry Fielding" is wrong
9782070374694	CONFIRMED	-	Nimier, Les enfants tristes (Gallimard 1951); in copyright, nothing free
9783642986802	CONFIRMED	-	Funktionelle Stoerungen d. peripheren Kreislaufs (1933); nothing free
9783111245560	REFUTED	https://archive.org/details/10300604bsb	Thaer, Grundsaetze d. rationellen Landwirthschaft Bd.3 BSB scan (open) on IA
9780618449224	CONFIRMED	-	Kesselman, Intro to Contemporary Politics (HM custom; year 1900 bogus); no free copy
9783170180970	CONFIRMED	-	Goethe-Woerterbuch fascicle (Kohlhammer 1966-); no free copy
9782877546102	REFUTED	https://gallica.bnf.fr/ark:/12148/bpt6k5918x	Longnon, Pouilles de la province de Tours (1903) digitized on Gallica; also Persee
9780781227056	REFUTED	https://archive.org/details/scientificmemoir00drapuoft	Draper, Scientific Memoirs (1878) public on IA (multiple scans)
9783111052052	CONFIRMED	-	Festgabe f. Joachim Bumke 60. Geb. (1989; year 1900 bogus); no free copy
