isbn13,title,offerings_est,link_abebooks,link_zvab,link_antiqbook
9783111273884,Handbuch der Nama-Sprache in Deutsch-Südwestafrika,0,https://www.abebooks.com/book-search/isbn/9783111273884/,https://www.zvab.com/buch-suchen/isbn/9783111273884/,https://www.antiqbook.com/search?q=9783111273884
9782070269433,La Route de Sarajevo,0,https://www.abebooks.com/book-search/isbn/9782070269433/,https://www.zvab.com/buch-suchen/isbn/9782070269433/,https://www.antiqbook.com/search?q=9782070269433
9783111137636,Strassburg und Seine Bauten,0,https://www.abebooks.com/book-search/isbn/9783111137636/,https://www.zvab.com/buch-suchen/isbn/9783111137636/,https://www.antiqbook.com/search?q=9783111137636
9783111035970,Aleksandr Nikolaevi Veselovskij,0,https://www.abebooks.com/book-search/isbn/9783111035970/,https://www.zvab.com/buch-suchen/isbn/9783111035970/,https://www.antiqbook.com/search?q=9783111035970
9780320060076,Les Baigneuses De Trouville Suite De Mystere Mondains,0,https://www.abebooks.com/book-search/isbn/9780320060076/,https://www.zvab.com/buch-suchen/isbn/9780320060076/,https://www.antiqbook.com/search?q=9780320060076
9780133190595,Prentice Hall Literature Teacher's Edition Grade 10 Common Core Edition,3,https://www.abebooks.com/book-search/isbn/9780133190595/,https://www.zvab.com/buch-suchen/isbn/9780133190595/,https://www.antiqbook.com/search?q=9780133190595
9780781236768,Poems of the Late Francis Scott Key,0,https://www.abebooks.com/book-search/isbn/9780781236768/,https://www.zvab.com/buch-suchen/isbn/9780781236768/,https://www.antiqbook.com/search?q=9780781236768
9780618289486,College Algebra and Smarthinking and Upgrade CD-Rom,0,https://www.abebooks.com/book-search/isbn/9780618289486/,https://www.zvab.com/buch-suchen/isbn/9780618289486/,https://www.antiqbook.com/search?q=9780618289486
9782711642175,Idees Politico-Religieuses d'un Eveque du IXe Siecle,0,https://www.abebooks.com/book-search/isbn/9782711642175/,https://www.zvab.com/buch-suchen/isbn/9782711642175/,https://www.antiqbook.com/search?q=9782711642175
9783111143309,Zu Den Änderungen Im Auftreten und Verlauf der Allgemeinen Progressiven Paralyse Während der Letzten Jahrzehnte,0,https://www.abebooks.com/book-search/isbn/9783111143309/,https://www.zvab.com/buch-suchen/isbn/9783111143309/,https://www.antiqbook.com/search?q=9783111143309
9781429704854,Théorie des groupes finis,1,https://www.abebooks.com/book-search/isbn/9781429704854/,https://www.zvab.com/buch-suchen/isbn/9781429704854/,https://www.antiqbook.com/search?q=9781429704854
9780524061190,Die Pharisäer bis an die Schwelle des Neuen Testaments,0,https://www.abebooks.com/book-search/isbn/9780524061190/,https://www.zvab.com/buch-suchen/isbn/9780524061190/,https://www.antiqbook.com/search?q=9780524061190
9780790594569,La question religieuse et la solution protestante,0,https://www.abebooks.com/book-search/isbn/9780790594569/,https://www.zvab.com/buch-suchen/isbn/9780790594569/,https://www.antiqbook.com/search?q=9780790594569
9780618438877,"Grassroots with readings seventh edition and testbank, answer key, sage C D, and smart thinkingpassword cards",0,https://www.abebooks.com/book-search/isbn/9780618438877/,https://www.zvab.com/buch-suchen/isbn/9780618438877/,https://www.antiqbook.com/search?q=9780618438877
9780077446475,Connect Plus Accounting with Learnsmart 2-semester Access Card for Intermediate Accounting,0,https://www.abebooks.com/book-search/isbn/9780077446475/,https://www.zvab.com/buch-suchen/isbn/9780077446475/,https://www.antiqbook.com/search?q=9780077446475
9780790589695,Einleitung in die christliche Ethik,0,https://www.abebooks.com/book-search/isbn/9780790589695/,https://www.zvab.com/buch-suchen/isbn/9780790589695/,https://www.antiqbook.com/search?q=9780790589695
9780618274819,"Prealgebra Third Edition and Ellis: Becoming a Master Student, with Dykstra: Rhythms and Kanar",0,https://www.abebooks.com/book-search/isbn/9780618274819/,https://www.zvab.com/buch-suchen/isbn/9780618274819/,https://www.antiqbook.com/search?q=9780618274819
9781582016405,"Romance of a Plain Man, The (The Collected Works of Ellen Glasgow - 24 Volumes)",0,https://www.abebooks.com/book-search/isbn/9781582016405/,https://www.zvab.com/buch-suchen/isbn/9781582016405/,https://www.antiqbook.com/search?q=9781582016405
9783111106281,Zur Geschichte der romanischen Völker,0,https://www.abebooks.com/book-search/isbn/9783111106281/,https://www.zvab.com/buch-suchen/isbn/9783111106281/,https://www.antiqbook.com/search?q=9783111106281
9783111294728,Ostasiatische Studien,0,https://www.abebooks.com/book-search/isbn/9783111294728/,https://www.zvab.com/buch-suchen/isbn/9783111294728/,https://www.antiqbook.com/search?q=9783111294728
9780742636651,Roland Cashel (The Novels of Charles Lever (40 Volumes)),0,https://www.abebooks.com/book-search/isbn/9780742636651/,https://www.zvab.com/buch-suchen/isbn/9780742636651/,https://www.antiqbook.com/search?q=9780742636651
9780234777541,"Sioux, The, Hunters and Warriors of the Plains.",0,https://www.abebooks.com/book-search/isbn/9780234777541/,https://www.zvab.com/buch-suchen/isbn/9780234777541/,https://www.antiqbook.com/search?q=9780234777541
9783111114477,Normale und Anormale Dispersion in Nichtleitenden Medien Von Variabler Dichte,0,https://www.abebooks.com/book-search/isbn/9783111114477/,https://www.zvab.com/buch-suchen/isbn/9783111114477/,https://www.antiqbook.com/search?q=9783111114477
9783111081939,Har - Haur : Aus : Gesamtverzeichnis des deutschsprachigen Schrifttums,0,https://www.abebooks.com/book-search/isbn/9783111081939/,https://www.zvab.com/buch-suchen/isbn/9783111081939/,https://www.antiqbook.com/search?q=9783111081939
9780781270557,Men Of Letters,0,https://www.abebooks.com/book-search/isbn/9780781270557/,https://www.zvab.com/buch-suchen/isbn/9780781270557/,https://www.antiqbook.com/search?q=9780781270557
9780718207106,Tales of the British People.,0,https://www.abebooks.com/book-search/isbn/9780718207106/,https://www.zvab.com/buch-suchen/isbn/9780718207106/,https://www.antiqbook.com/search?q=9780718207106
9782890068810,Les cloisons en vertige,0,https://www.abebooks.com/book-search/isbn/9782890068810/,https://www.zvab.com/buch-suchen/isbn/9782890068810/,https://www.antiqbook.com/search?q=9782890068810
9783111132891,Armenien und Mesopothamien in Altertum und Gegenwart,0,https://www.abebooks.com/book-search/isbn/9783111132891/,https://www.zvab.com/buch-suchen/isbn/9783111132891/,https://www.antiqbook.com/search?q=9783111132891
9783111293578,Allgemeine Einführung : Aus,0,https://www.abebooks.com/book-search/isbn/9783111293578/,https://www.zvab.com/buch-suchen/isbn/9783111293578/,https://www.antiqbook.com/search?q=9783111293578
9782724601350,La presse de province sous la Troisième République,0,https://www.abebooks.com/book-search/isbn/9782724601350/,https://www.zvab.com/buch-suchen/isbn/9782724601350/,https://www.antiqbook.com/search?q=9782724601350
