isbn13,title,author,year,language,edition_count,score,rationale
9780003768862,Work Number 2060 Edition 0,_unicode_作者,1888,fra,1,8,editions=1(+3); lang=fra(+2); era=pre-1927(+3)
9780018071476,Work Number 7 — edição 0,Müller & Sons,1926,por,1,8,editions=1(+3); lang=por(+2); era=pre-1927(+3)
9780067246276,Work Number 3145 — edição 0,Müller & Sons,1926,por,1,8,editions=1(+3); lang=por(+2); era=pre-1927(+3)
9780102443066,Work Number 3095 — edição 0,_unicode_作者,1926,por,1,8,editions=1(+3); lang=por(+2); era=pre-1927(+3)
9780118020817,Work Number 405 Edition 0,Müller & Sons,1926,spa,1,8,editions=1(+3); lang=spa(+2); era=pre-1927(+3)
9780160947117,Work Number 1608 Edition 0,Ana Silva,1910,deu,1,8,editions=1(+3); lang=deu(+2); era=pre-1927(+3)
9780186858961,Work Number 3115 Edition 0,Müller & Sons,1926,deu,1,8,editions=1(+3); lang=deu(+2); era=pre-1927(+3)
9780207699542,Work Number 284 Edition 0,Ana Silva,1910,ita,1,8,editions=1(+3); lang=ita(+2); era=pre-1927(+3)
9780242738480,Work Number 2226 Edition 0,O’Néill,1888,ita,1,8,editions=1(+3); lang=ita(+2); era=pre-1927(+3)
9780250837014,Work Number 3449 Edition 0,Müller & Sons,1926,fra,1,8,editions=1(+3); lang=fra(+2); era=pre-1927(+3)
9780257701684,Work Number 2493 Edition 0,J. Doe,1888,spa,1,8,editions=1(+3); lang=spa(+2); era=pre-1927(+3)
9780345157614,Work Number 224 Edition 1,J. Doe,1910,fra,1,8,editions=1(+3); lang=fra(+2); era=pre-1927(+3)
9780354772136,Work Number 378 Edition 1,Ana Silva,1910,ita,1,8,editions=1(+3); lang=ita(+2); era=pre-1927(+3)
9780541279110,Work Number 2266 — edição 0,J. Doe,1910,por,1,8,editions=1(+3); lang=por(+2); era=pre-1927(+3)
9780646288062,Work Number 1899 Edition 0,_unicode_作者,1888,ita,1,8,editions=1(+3); lang=ita(+2); era=pre-1927(+3)
9780700562930,Work Number 2986 Edition 0,O’Néill,1910,spa,1,8,editions=1(+3); lang=spa(+2); era=pre-1927(+3)
9780700955640,Work Number 3026 Edition 0,O’Néill,1926,ita,1,8,editions=1(+3); lang=ita(+2); era=pre-1927(+3)
9780845311868,Work Number 1201 Edition 0,O’Néill,1888,ita,1,8,editions=1(+3); lang=ita(+2); era=pre-1927(+3)
9780903729871,Work Number 1814 Edition 1,O’Néill,1888,spa,1,8,editions=1(+3); lang=spa(+2); era=pre-1927(+3)
9780905957722,Work Number 2705 Edition 0,O’Néill,1888,ita,1,8,editions=1(+3); lang=ita(+2); era=pre-1927(+3)
9780944881774,Work Number 3201 Edition 0,Ana Silva,1910,spa,1,8,editions=1(+3); lang=spa(+2); era=pre-1927(+3)
9780998370217,Work Number 2153 Edition 0,Müller & Sons,1910,ita,1,8,editions=1(+3); lang=ita(+2); era=pre-1927(+3)
9781054709149,Work Number 578 Edition 0,J. Doe,1888,ita,1,8,editions=1(+3); lang=ita(+2); era=pre-1927(+3)
9781157412823,Work Number 966 Edition 0,O’Néill,1910,fra,1,8,editions=1(+3); lang=fra(+2); era=pre-1927(+3)
9781193372877,Work Number 913 — edição 0,_unicode_作者,1910,por,1,8,editions=1(+3); lang=por(+2); era=pre-1927(+3)
9781265219260,Work Number 474 Edition 0,O’Néill,1926,deu,1,8,editions=1(+3); lang=deu(+2); era=pre-1927(+3)
9781365668203,Work Number 448 Edition 0,O’Néill,1910,deu,1,8,editions=1(+3); lang=deu(+2); era=pre-1927(+3)
9781479101054,Work Number 873 Edition 0,_unicode_作者,1910,fra,1,8,editions=1(+3); lang=fra(+2); era=pre-1927(+3)
9781481725934,Work Number 1955 Edition 0,_unicode_作者,1926,deu,1,8,editions=1(+3); lang=deu(+2); era=pre-1927(+3)
9781489099624,Work Number 3352 — edição 0,_unicode_作者,1888,por,1,8,editions=1(+3); lang=por(+2); era=pre-1927(+3)
9781543583687,Work Number 3384 Edition 0,J. Doe,1926,fra,1,8,editions=1(+3); lang=fra(+2); era=pre-1927(+3)
9781597403832,Work Number 247 Edition 0,J. Doe,1888,ita,1,8,editions=1(+3); lang=ita(+2); era=pre-1927(+3)
9781775035282,Work Number 1260 Edition 0,O’Néill,1926,fra,1,8,editions=1(+3); lang=fra(+2); era=pre-1927(+3)
9781789872866,Work Number 3683 Edition 0,_unicode_作者,1910,ita,1,8,editions=1(+3); lang=ita(+2); era=pre-1927(+3)
9781805917601,Work Number 1456 Edition 0,Ana Silva,1888,deu,1,8,editions=1(+3); lang=deu(+2); era=pre-1927(+3)
9781827193434,Work Number 2672 Edition 0,J. Doe,1910,ita,1,8,editions=1(+3); lang=ita(+2); era=pre-1927(+3)
9781862131835,Work Number 944 Edition 0,O’Néill,1888,deu,1,8,editions=1(+3); lang=deu(+2); era=pre-1927(+3)
9781887304467,Work Number 330 Edition 0,O’Néill,1910,spa,1,8,editions=1(+3); lang=spa(+2); era=pre-1927(+3)
9781999302399,Work Number 2280 Edition 0,O’Néill,1926,deu,1,8,editions=1(+3); lang=deu(+2); era=pre-1927(+3)
9782022665993,Work Number 3202 Edition 0,O’Néill,1888,ita,1,8,editions=1(+3); lang=ita(+2); era=pre-1927(+3)
9782022792958,Work Number 467 Edition 0,Müller & Sons,1888,deu,1,8,editions=1(+3); lang=deu(+2); era=pre-1927(+3)
9782171979651,Work Number 354 Edition 0,Müller & Sons,1926,spa,1,8,editions=1(+3); lang=spa(+2); era=pre-1927(+3)
9782195914263,Work Number 2795 Edition 0,O’Néill,1910,deu,1,8,editions=1(+3); lang=deu(+2); era=pre-1927(+3)
9782214307144,Work Number 3282 Edition 0,Müller & Sons,1888,ita,1,8,editions=1(+3); lang=ita(+2); era=pre-1927(+3)
9782224868123,Work Number 55 Edition 0,J. Doe,1910,ita,1,8,editions=1(+3); lang=ita(+2); era=pre-1927(+3)
9782279312800,Work Number 604 — edição 0,Müller & Sons,1910,por,1,8,editions=1(+3); lang=por(+2); era=pre-1927(+3)
9782314577645,Work Number 540 Edition 0,Müller & Sons,1926,deu,1,8,editions=1(+3); lang=deu(+2); era=pre-1927(+3)
9782356291134,Work Number 2328 Edition 0,O’Néill,1926,fra,1,8,editions=1(+3); lang=fra(+2); era=pre-1927(+3)
9782468506942,Work Number 16 — edição 0,O’Néill,1910,por,1,8,editions=1(+3); lang=por(+2); era=pre-1927(+3)
9782492954832,Work Number 1845 Edition 0,Ana Silva,1888,deu,1,8,editions=1(+3); lang=deu(+2); era=pre-1927(+3)
